{
  "1": [
    {
      "name": "在何处留下信息",
      "type": "list",
      "map": {
        "购物网站": 161,
        "社交网站": 128,
        "培训机构": 69,
        "实体商户": 66,
        "其他": 11
      }
    },
    {
      "name": "留下过什么类型的信息",
      "type": "list",
      "map": {
        "身份信息": 120,
        "联络方式": 169,
        "财产信息": 7,
        "位置信息": 81,
        "社会关系信息": 27,
        "其他": 4
      }
    },
    {
      "name": "是否定期清理网络痕迹",
      "map": {
        "是": 105,
        "否": 77
      }
    },
    {
      "name": "如何处理留有个人信息的物件",
      "map": {
        "先进行信息销毁再处理": 119,
        "不处理": 63
      }
    },
    {
      "name": "是否留意手机APP对权限的申请",
      "map": {
        "是": 132,
        "否": 50
      }
    },
    {
      "name": "是否会阅读软件的隐私条款",
      "map": {
        "是": 68,
        "否": 114
      }
    },
    {
      "name": "是否使用公共场所的免费WIFI",
      "map": {
        "是": 117,
        "否": 65
      }
    },
    {
      "name": "是否在使用公共设备后及时删除个人信息",
      "map": {
        "是": 128,
        "否": 54
      }
    },
    {
      "name": "是否参与扫码送礼品",
      "map": {
        "是": 85,
        "否": 97
      }
    },
    {
      "name": "对我国个人信息相关的法律是否有过了解",
      "map": {
        "熟知": 83,
        "大概了解": 98,
        "不了解": 1
      }
    },
    {
      "name": "学校是否开展过个人信息相关的课程",
      "map": {
        "是": 92,
        "否": 90
      }
    },
    {
      "name": "个人是否有过信息泄露的经历",
      "map": {
        "是": 114,
        "否": 68
      }
    },
    {
      "name": "遭受信息泄露的途径",
      "type": "list",
      "isSkippable": true,
      "map": {


        "推销电话": 44,
        "骚扰短信": 23,
        "诈骗电话": 40,
        "垃圾邮件": 16,
        "账号被盗": 0,
        "其他": 6

      }
    },
    {
      "name": "认为会有哪些损失",
      "type": "list",
      "isSkippable": true,
      "map": {


        "财产损失": 5,
        "精神损失": 19,
        "人身损失": 6,
        "其他损失": 95

      }
    },
    {
      "name": "最终如何处理个人信息泄露带来的结果",
      "type": "list",
      "map": {
        "置之不理": 71,
        "在社交媒体上口吐芬芳": 141,
        "直接拉黑": 44,
        "寻求法律救助": 157,
        "其他": 92
      }
    },
    {
      "name": "认为个人信息泄露的原因有哪些",
      "type": "list",
      "map": {
        "个人意识不强": 146,
        "司法缺失": 144,
        "信息维护人员失职": 60,
        "其他": 56
      }
    }
  ],
  "2": [
    {
      "name": "在何处留下信息",
      "type": "list",
      "map": {
        "购物网站": 250,
        "社交网站": 195,
        "培训机构": 124,
        "实体商户": 93,
        "其他": 21
      }
    },
    {
      "name": "留下过什么类型的信息",
      "type": "list",
      "map": {
        "身份信息": 193,
        "联络方式": 248,
        "财产信息": 14,
        "位置信息": 143,
        "社会关系信息": 55,
        "其他": 7
      }
    },
    {
      "name": "是否定期清理网络痕迹",
      "map": {
        "否": 118,
        "是": 147
      }
    },
    {
      "name": "如何处理留有个人信息的物件",
      "map": {
        "不处理": 112,
        "先进行信息销毁再处理": 153
      }
    },
    {
      "name": "是否留意手机APP对权限的申请",
      "map": {
        "是": 212,
        "否": 53
      }
    },
    {
      "name": "是否会阅读软件的隐私条款",
      "map": {
        "否": 190,
        "是": 75
      }
    },
    {
      "name": "是否使用公共场所的免费WIFI",
      "map": {
        "是": 187,
        "否": 78
      }
    },
    {
      "name": "是否在使用公共设备后及时删除个人信息",
      "map": {
        "是": 182,
        "否": 83
      }
    },
    {
      "name": "是否参与扫码送礼品",
      "map": {
        "否": 151,
        "是": 114
      }
    },
    {
      "name": "对我国个人信息相关的法律是否有过了解",
      "map": {
        "不了解": 8,
        "熟知": 143,
        "大概了解": 114
      }
    },
    {
      "name": "学校是否开展过个人信息相关的课程",
      "map": {
        "是": 90,
        "否": 175
      }
    },
    {
      "name": "个人是否有过信息泄露的经历",
      "map": {
        "是": 199,
        "否": 66
      }
    },
    {
      "name": "遭受信息泄露的途径",
      "type": "list",
      "isSkippable": true,
      "map": {



        "推销电话": 88,
        "骚扰短信": 46,
        "诈骗电话": 79,
        "垃圾邮件": 33,
        "账号被盗": 2,
        "其他": 11
      }
    },
    {
      "name": "认为会有哪些损失",
      "type": "list",
      "isSkippable": true,
      "map": {



        "财产损失": 7,
        "精神损失": 31,
        "人身损失": 21,
        "其他损失": 127
      }
    },
    {
      "name": "最终如何处理个人信息泄露带来的结果",
      "type": "list",
      "map": {
        "置之不理": 112,
        "在社交媒体上口吐芬芳": 212,
        "直接拉黑": 76,
        "寻求法律救助": 227,
        "其他": 136
      }
    },
    {
      "name": "认为个人信息泄露的原因有哪些",
      "type": "list",
      "map": {
        "个人意识不强": 214,
        "司法缺失": 218,
        "信息维护人员失职": 94,
        "其他": 84
      }
    }
  ],
  "3": [
    {
      "name": "在何处留下信息",
      "type": "list",
      "map": {
        "购物网站": 100,
        "社交网站": 90,
        "培训机构": 64,
        "实体商户": 51,
        "其他": 8
      }
    },
    {
      "name": "留下过什么类型的信息",
      "type": "list",
      "map": {
        "身份信息": 73,
        "联络方式": 100,
        "财产信息": 9,
        "位置信息": 57,
        "社会关系信息": 22,
        "其他": 3
      }
    },
    {
      "name": "是否定期清理网络痕迹",
      "map": {
        "否": 45,
        "是": 62
      }
    },
    {
      "name": "如何处理留有个人信息的物件",
      "map": {
        "先进行信息销毁再处理": 71,
        "不处理": 36
      }
    },
    {
      "name": "是否留意手机APP对权限的申请",
      "map": {
        "否": 26,
        "是": 81
      }
    },
    {
      "name": "是否会阅读软件的隐私条款",
      "map": {
        "否": 80,
        "是": 27
      }
    },
    {
      "name": "是否使用公共场所的免费WIFI",
      "map": {
        "否": 32,
        "是": 75
      }
    },
    {
      "name": "是否在使用公共设备后及时删除个人信息",
      "map": {
        "否": 40,
        "是": 67
      }
    },
    {
      "name": "是否参与扫码送礼品",
      "map": {
        "是": 47,
        "否": 60
      }
    },
    {
      "name": "对我国个人信息相关的法律是否有过了解",
      "map": {
        "熟知": 52,
        "大概了解": 51,
        "不了解": 4
      }
    },
    {
      "name": "学校是否开展过个人信息相关的课程",
      "map": {
        "否": 73,
        "是": 34
      }
    },
    {
      "name": "个人是否有过信息泄露的经历",
      "map": {
        "否": 28,
        "是": 79
      }
    },
    {
      "name": "遭受信息泄露的途径",
      "type": "list",
      "isSkippable": true,
      "map": {



        "推销电话": 45,
        "骚扰短信": 22,
        "诈骗电话": 43,
        "垃圾邮件": 17,
        "账号被盗": 0,
        "其他": 2
      }
    },
    {
      "name": "认为会有哪些损失",
      "type": "list",
      "isSkippable": true,
      "map": {



        "财产损失": 1,
        "精神损失": 17,
        "人身损失": 12,
        "其他损失": 54
      }
    },
    {
      "name": "最终如何处理个人信息泄露带来的结果",
      "type": "list",
      "map": {
        "置之不理": 53,
        "在社交媒体上口吐芬芳": 94,
        "直接拉黑": 33,
        "寻求法律救助": 92,
        "其他": 62
      }
    },
    {
      "name": "认为个人信息泄露的原因有哪些",
      "type": "list",
      "map": {
        "个人意识不强": 93,
        "司法缺失": 91,
        "信息维护人员失职": 33,
        "其他": 27
      }
    }
  ],
  "4": [
    {
      "name": "在何处留下信息",
      "type": "list",
      "map": {
        "购物网站": 22,
        "社交网站": 16,
        "培训机构": 9,
        "实体商户": 5,
        "其他": 3
      }
    },
    {
      "name": "留下过什么类型的信息",
      "type": "list",
      "map": {
        "身份信息": 17,
        "联络方式": 21,
        "财产信息": 2,
        "位置信息": 7,
        "社会关系信息": 4,
        "其他": 2
      }
    },
    {
      "name": "是否定期清理网络痕迹",
      "map": {
        "是": 11,
        "否": 13
      }
    },
    {
      "name": "如何处理留有个人信息的物件",
      "map": {
        "先进行信息销毁再处理": 13,
        "不处理": 11
      }
    },
    {
      "name": "是否留意手机APP对权限的申请",
      "map": {
        "是": 15,
        "否": 9
      }
    },
    {
      "name": "是否会阅读软件的隐私条款",
      "map": {
        "否": 15,
        "是": 9
      }
    },
    {
      "name": "是否使用公共场所的免费WIFI",
      "map": {
        "是": 13,
        "否": 11
      }
    },
    {
      "name": "是否在使用公共设备后及时删除个人信息",
      "map": {
        "是": 19,
        "否": 5
      }
    },
    {
      "name": "是否参与扫码送礼品",
      "map": {
        "是": 6,
        "否": 18
      }
    },
    {
      "name": "对我国个人信息相关的法律是否有过了解",
      "map": {
        "熟知": 18,
        "大概了解": 6
      }
    },
    {
      "name": "学校是否开展过个人信息相关的课程",
      "map": {
        "是": 4,
        "否": 20
      }
    },
    {
      "name": "个人是否有过信息泄露的经历",
      "map": {
        "是": 19,
        "否": 5
      }
    },
    {
      "name": "遭受信息泄露的途径",
      "type": "list",
      "isSkippable": true,
      "map": {

        "推销电话": 7,
        "骚扰短信": 4,
        "诈骗电话": 7,
        "垃圾邮件": 4,
        "账号被盗": 0,
        "其他": 1

      }
    },
    {
      "name": "认为会有哪些损失",
      "type": "list",
      "isSkippable": true,
      "map": {

        "财产损失": 1,
        "精神损失": 3,
        "人身损失": 4,
        "其他损失": 8

      }
    },
    {
      "name": "最终如何处理个人信息泄露带来的结果",
      "type": "list",
      "map": {
        "置之不理": 9,
        "在社交媒体上口吐芬芳": 21,
        "直接拉黑": 6,
        "寻求法律救助": 21,
        "其他": 11
      }
    },
    {
      "name": "认为个人信息泄露的原因有哪些",
      "type": "list",
      "map": {
        "个人意识不强": 20,
        "司法缺失": 15,
        "信息维护人员失职": 7,
        "其他": 7
      }
    }
  ],
  "5": [
    {
      "name": "在何处留下信息",
      "type": "list",
      "map": {
        "购物网站": 15,
        "社交网站": 13,
        "培训机构": 11,
        "实体商户": 6,
        "其他": 3
      }
    },
    {
      "name": "留下过什么类型的信息",
      "type": "list",
      "map": {
        "身份信息": 9,
        "联络方式": 16,
        "财产信息": 0,
        "位置信息": 7,
        "社会关系信息": 1,
        "其他": 3
      }
    },
    {
      "name": "是否定期清理网络痕迹",
      "map": {
        "否": 10,
        "是": 9
      }
    },
    {
      "name": "如何处理留有个人信息的物件",
      "map": {
        "先进行信息销毁再处理": 14,
        "不处理": 5
      }
    },
    {
      "name": "是否留意手机APP对权限的申请",
      "map": {
        "是": 13,
        "否": 6
      }
    },
    {
      "name": "是否会阅读软件的隐私条款",
      "map": {
        "是": 7,
        "否": 12
      }
    },
    {
      "name": "是否使用公共场所的免费WIFI",
      "map": {
        "是": 13,
        "否": 6
      }
    },
    {
      "name": "是否在使用公共设备后及时删除个人信息",
      "map": {
        "是": 15,
        "否": 4
      }
    },
    {
      "name": "是否参与扫码送礼品",
      "map": {
        "是": 8,
        "否": 11
      }
    },
    {
      "name": "对我国个人信息相关的法律是否有过了解",
      "map": {
        "大概了解": 10,
        "熟知": 8,
        "不了解": 1
      }
    },
    {
      "name": "学校是否开展过个人信息相关的课程",
      "map": {
        "否": 17,
        "是": 2
      }
    },
    {
      "name": "个人是否有过信息泄露的经历",
      "map": {
        "是": 14,
        "否": 5
      }
    },
    {
      "name": "遭受信息泄露的途径",
      "type": "list",
      "isSkippable": true,
      "map": {


        "推销电话": 4,
        "骚扰短信": 3,
        "诈骗电话": 4,
        "垃圾邮件": 0,
        "账号被盗": 0,
        "其他": 2

      }
    },
    {
      "name": "认为会有哪些损失",
      "type": "list",
      "isSkippable": true,
      "map": {


        "财产损失": 0,
        "精神损失": 3,
        "人身损失": 0,
        "其他损失": 9

      }
    },
    {
      "name": "最终如何处理个人信息泄露带来的结果",
      "type": "list",
      "map": {
        "置之不理": 10,
        "在社交媒体上口吐芬芳": 18,
        "直接拉黑": 7,
        "寻求法律救助": 16,
        "其他": 9
      }
    },
    {
      "name": "认为个人信息泄露的原因有哪些",
      "type": "list",
      "map": {
        "个人意识不强": 16,
        "司法缺失": 16,
        "信息维护人员失职": 7,
        "其他": 7
      }
    }
  ]
}