{
  "1": [
    {
      "name": "在何处留下信息",
      "type": "list",
      "map": {
        "购物网站": 115,
        "社交网站": 90,
        "培训机构": 47,
        "实体商户": 39,
        "其他": 10
      }
    },
    {
      "name": "留下过什么类型的信息",
      "type": "list",
      "map": {
        "身份信息": 89,
        "联络方式": 112,
        "财产信息": 9,
        "位置信息": 52,
        "社会关系信息": 23,
        "其他": 6
      }
    },
    {
      "name": "理网络痕迹",
      "map": {
        "是": 74,
        "否": 53
      }
    },
    {
      "name": "如何处理留有个人信息的物件",
      "map": {
        "先进行信息销毁再处理": 79,
        "不处理": 48
      }
    },
    {
      "name": "是否留意手机APP对权限的申请",
      "map": {
        "是": 92,
        "否": 35
      }
    },
    {
      "name": "是否会阅读软件的隐私条款",
      "map": {
        "是": 43,
        "否": 84
      }
    },
    {
      "name": "是否使用公共场所的免费WIFI",
      "map": {
        "是": 86,
        "否": 41
      }
    },
    {
      "name": "是否在使用公共设备后及时删除个人信息",
      "map": {
        "是": 86,
        "否": 41
      }
    },
    {
      "name": "是否参与扫码送礼品",
      "map": {
        "否": 61,
        "是": 66
      }
    },
    {
      "name": "对我国个人信息相关的法律是否有过了解",
      "map": {
        "熟知": 74,
        "大概了解": 49,
        "不了解": 4
      }
    },
    {
      "name": "学校是否开展过个人信息相关的课程",
      "map": {
        "否": 66,
        "是": 61
      }
    },
    {
      "name": "个人是否有过信息泄露的经历",
      "map": {
        "是": 85,
        "否": 42
      }
    },
    {
      "name": "遭受信息泄露的途径",
      "type": "list",
      "isSkippable": true,
      "map": {
        "推销电话": 30,
        "骚扰短信": 17,
        "诈骗电话": 32,
        "垃圾邮件": 12,
        "账号被盗": 0,
        "其他": 7
      }
    },
    {
      "name": "认为会有哪些损失",
      "type": "list",
      "isSkippable": true,
      "map": {
        "财产损失": 4,
        "精神损失": 15,
        "人身损失": 9,
        "其他损失": 65,
        "-3": 0
      }
    },
    {
      "name": "最终如何处理个人信息泄露带来的结果",
      "type": "list",
      "map": {
        "置之不理": 51,
        "在社交媒体上口吐芬芳": 95,
        "直接拉黑": 35,
        "寻求法律救助": 104,
        "其他": 60
      }
    },
    {
      "name": "认为个人信息泄露的原因有哪些",
      "type": "list",
      "map": {
        "个人意识不强": 98,
        "司法缺失": 94,
        "信息维护人员失职": 40,
        "其他": 36
      }
    }
  ],
  "2": [
    {
      "name": "在何处留下信息",
      "type": "list",
      "map": {
        "购物网站": 151,
        "社交网站": 128,
        "培训机构": 64,
        "实体商户": 54,
        "其他": 13
      }
    },
    {
      "name": "留下过什么类型的信息",
      "type": "list",
      "map": {
        "身份信息": 112,
        "联络方式": 153,
        "财产信息": 8,
        "位置信息": 83,
        "社会关系信息": 27,
        "其他": 6
      }
    },
    {
      "name": "是否定期清理网络痕迹",
      "map": {
        "是": 92,
        "否": 75
      }
    },
    {
      "name": "如何处理留有个人信息的物件",
      "map": {
        "先进行信息销毁再处理": 107,
        "不处理": 60
      }
    },
    {
      "name": "是否留意手机APP对权限的申请",
      "map": {
        "是": 125,
        "否": 42
      }
    },
    {
      "name": "是否会阅读软件的隐私条款",
      "map": {
        "否": 121,
        "是": 46
      }
    },
    {
      "name": "是否使用公共场所的免费WIFI",
      "map": {
        "是": 101,
        "否": 66
      }
    },
    {
      "name": "是否在使用公共设备后及时删除个人信息",
      "map": {
        "是": 116,
        "否": 51
      }
    },
    {
      "name": "是否参与扫码送礼品",
      "map": {
        "是": 62,
        "否": 105
      }
    },
    {
      "name": "对我国个人信息相关的法律是否有过了解",
      "map": {
        "熟知": 84,
        "大概了解": 78,
        "不了解": 5
      }
    },
    {
      "name": "学校是否开展过个人信息相关的课程",
      "map": {
        "是": 68,
        "否": 99
      }
    },
    {
      "name": "个人是否有过信息泄露的经历",
      "map": {
        "是": 119,
        "否": 48
      }
    },
    {
      "name": "遭受信息泄露的途径",
      "type": "list",
      "isSkippable": true,
      "map": {
        "推销电话": 49,
        "骚扰短信": 23,
        "诈骗电话": 45,
        "垃圾邮件": 16,
        "账号被盗": 1,
        "其他": 5
      }
    },
    {
      "name": "认为会有哪些损失",
      "type": "list",
      "isSkippable": true,
      "map": {
        "财产损失": 3,
        "精神损失": 23,
        "人身损失": 13,
        "其他损失": 82
      }
    },
    {
      "name": "最终如何处理个人信息泄露带来的结果",
      "type": "list",
      "map": {
        "置之不理": 73,
        "在社交媒体上口吐芬芳": 132,
        "直接拉黑": 38,
        "寻求法律救助": 142,
        "其他": 85
      }
    },
    {
      "name": "认为个人信息泄露的原因有哪些",
      "type": "list",
      "map": {
        "个人意识不强": 128,
        "司法缺失": 133,
        "信息维护人员失职": 56,
        "其他": 46
      }
    }
  ],
  "3": [
    {
      "name": "在何处留下信息",
      "type": "list",
      "map": {
        "购物网站": 104,
        "社交网站": 86,
        "培训机构": 62,
        "实体商户": 44,
        "其他": 6
      }
    },
    {
      "name": "留下过什么类型的信息",
      "type": "list",
      "map": {
        "身份信息": 70,
        "联络方式": 110,
        "财产信息": 4,
        "位置信息": 60,
        "社会关系信息": 19,
        "其他": 0
      }
    },
    {
      "name": "是否定期清理网络痕迹",
      "map": {
        "是": 54,
        "否": 59
      }
    },
    {
      "name": "如何处理留有个人信息的物件",
      "map": {
        "先进行信息销毁再处理": 69,
        "不处理": 44
      }
    },
    {
      "name": "是否留意手机APP对权限的申请",
      "map": {
        "是": 89,
        "否": 24
      }
    },
    {
      "name": "是否会阅读软件的隐私条款",
      "map": {
        "否": 82,
        "是": 31
      }
    },
    {
      "name": "是否使用公共场所的免费WIFI",
      "map": {
        "是": 80,
        "否": 33
      }
    },
    {
      "name": "是否在使用公共设备后及时删除个人信息",
      "map": {
        "是": 73,
        "否": 40
      }
    },
    {
      "name": "是否参与扫码送礼品",
      "map": {
        "否": 60,
        "是": 53
      }
    },
    {
      "name": "对我国个人信息相关的法律是否有过了解",
      "map": {
        "大概了解": 49,
        "熟知": 63,
        "不了解": 1
      }
    },
    {
      "name": "学校是否开展过个人信息相关的课程",
      "map": {
        "是": 32,
        "否": 81
      }
    },
    {
      "name": "个人是否有过信息泄露的经历",
      "map": {
        "是": 83,
        "否": 30
      }
    },
    {
      "name": "遭受信息泄露的途径",
      "type": "list",
      "isSkippable": true,
      "map": {
        "推销电话": 31,
        "骚扰短信": 14,
        "诈骗电话": 29,
        "垃圾邮件": 13,
        "账号被盗": 0,
        "其他": 4
      }
    },
    {
      "name": "认为会有哪些损失",
      "type": "list",
      "isSkippable": true,
      "map": {
        "财产损失": 1,
        "精神损失": 15,
        "人身损失": 4,
        "其他损失": 50
      }
    },
    {
      "name": "最终如何处理个人信息泄露带来的结果",
      "type": "list",
      "map": {
        "置之不理": 37,
        "在社交媒体上口吐芬芳": 101,
        "直接拉黑": 36,
        "寻求法律救助": 99,
        "其他": 48
      }
    },
    {
      "name": "认为个人信息泄露的原因有哪些",
      "type": "list",
      "map": {
        "个人意识不强": 97,
        "司法缺失": 99,
        "信息维护人员失职": 42,
        "其他": 42
      }
    }
  ],
  "4": [
    {
      "name": "在何处留下信息",
      "type": "list",
      "map": {
        "购物网站": 162,
        "社交网站": 130,
        "培训机构": 97,
        "实体商户": 75,
        "其他": 10
      }
    },
    {
      "name": "留下过什么类型的信息",
      "type": "list",
      "map": {
        "身份信息": 130,
        "联络方式": 165,
        "财产信息": 10,
        "位置信息": 88,
        "社会关系信息": 34,
        "其他": 4
      }
    },
    {
      "name": "是否定期清理网络痕迹",
      "map": {
        "否": 68,
        "是": 103
      }
    },
    {
      "name": "如何处理留有个人信息的物件",
      "map": {
        "先进行信息销毁再处理": 103,
        "不处理": 68
      }
    },
    {
      "name": "是否留意手机APP对权限的申请",
      "map": {
        "否": 38,
        "是": 133
      }
    },
    {
      "name": "是否会阅读软件的隐私条款",
      "map": {
        "否": 113,
        "是": 58
      }
    },
    {
      "name": "是否使用公共场所的免费WIFI",
      "map": {
        "否": 43,
        "是": 128
      }
    },
    {
      "name": "是否在使用公共设备后及时删除个人信息",
      "map": {
        "否": 45,
        "是": 126
      }
    },
    {
      "name": "是否参与扫码送礼品",
      "map": {
        "是": 74,
        "否": 97
      }
    },
    {
      "name": "对我国个人信息相关的法律是否有过了解",
      "map": {
        "熟知": 77,
        "不了解": 4,
        "大概了解": 90
      }
    },
    {
      "name": "学校是否开展过个人信息相关的课程",
      "map": {
        "否": 116,
        "是": 55
      }
    },
    {
      "name": "个人是否有过信息泄露的经历",
      "map": {
        "否": 44,
        "是": 127
      }
    },
    {
      "name": "遭受信息泄露的途径",
      "type": "list",
      "isSkippable": true,
      "map": {
        "推销电话": 73,
        "骚扰短信": 41,
        "诈骗电话": 61,
        "垃圾邮件": 27,
        "账号被盗": 0,
        "其他": 6
      }
    },
    {
      "name": "认为会有哪些损失",
      "type": "list",
      "isSkippable": true,
      "map": {
        "财产损失": 6,
        "精神损失": 17,
        "人身损失": 17,
        "其他损失": 89
      }
    },
    {
      "name": "最终如何处理个人信息泄露带来的结果",
      "type": "list",
      "map": {
        "置之不理": 86,
        "在社交媒体上口吐芬芳": 148,
        "直接拉黑": 51,
        "寻求法律救助": 153,
        "其他": 104
      }
    },
    {
      "name": "认为个人信息泄露的原因有哪些",
      "type": "list",
      "map": {
        "个人意识不强": 151,
        "司法缺失": 143,
        "信息维护人员失职": 55,
        "其他": 51
      }
    }
  ],
  "5": [
    {
      "name": "在何处留下信息",
      "type": "list",
      "map": {
        "购物网站": 16,
        "社交网站": 8,
        "培训机构": 7,
        "实体商户": 9,
        "其他": 7
      }
    },
    {
      "name": "留下过什么类型的信息",
      "type": "list",
      "map": {
        "身份信息": 11,
        "联络方式": 14,
        "财产信息": 1,
        "位置信息": 12,
        "社会关系信息": 6,
        "其他": 3
      }
    },
    {
      "name": "是否定期清理网络痕迹",
      "map": {
        "否": 8,
        "是": 11
      }
    },
    {
      "name": "如何处理留有个人信息的物件",
      "map": {
        "不处理": 7,
        "先进行信息销毁再处理": 12
      }
    },
    {
      "name": "是否留意手机APP对权限的申请",
      "map": {
        "否": 5,
        "是": 14
      }
    },
    {
      "name": "是否会阅读软件的隐私条款",
      "map": {
        "否": 11,
        "是": 8
      }
    },
    {
      "name": "是否使用公共场所的免费WIFI",
      "map": {
        "否": 9,
        "是": 10
      }
    },
    {
      "name": "是否在使用公共设备后及时删除个人信息",
      "map": {
        "否": 9,
        "是": 10
      }
    },
    {
      "name": "是否参与扫码送礼品",
      "map": {
        "否": 14,
        "是": 5
      }
    },
    {
      "name": "对我国个人信息相关的法律是否有过了解",
      "map": {
        "熟知": 6,
        "大概了解": 13
      }
    },
    {
      "name": "学校是否开展过个人信息相关的课程",
      "map": {
        "否": 13,
        "是": 6
      }
    },
    {
      "name": "个人是否有过信息泄露的经历",
      "map": {
        "否": 8,
        "是": 11
      }
    },
    {
      "name": "遭受信息泄露的途径",
      "type": "list",
      "isSkippable": true,
      "map": {
        "推销电话": 5,
        "骚扰短信": 3,
        "诈骗电话": 6,
        "垃圾邮件": 2,
        "账号被盗": 1,
        "其他": 0
      }
    },
    {
      "name": "认为会有哪些损失",
      "type": "list",
      "isSkippable": true,
      "map": {
        "财产损失": 0,
        "精神损失": 3,
        "人身损失": 0,
        "其他损失": 7
      }
    },
    {
      "name": "最终如何处理个人信息泄露带来的结果",
      "type": "list",
      "map": {
        "置之不理": 8,
        "在社交媒体上口吐芬芳": 10,
        "直接拉黑": 6,
        "寻求法律救助": 15,
        "其他": 13
      }
    },
    {
      "name": "认为个人信息泄露的原因有哪些",
      "type": "list",
      "map": {
        "个人意识不强": 15,
        "司法缺失": 15,
        "信息维护人员失职": 8,
        "其他": 6
      }
    }
  ]
}