{
  "1": [
    {
      "name": "在何处留下信息",
      "type": "list",
      "map": {
        "购物网站": 331,
        "社交网站": 278,
        "培训机构": 163,
        "实体商户": 141,
        "其他": 18
      }
    },
    {
      "name": "留下过什么类型的信息",
      "type": "list",
      "map": {
        "身份信息": 244,
        "联络方式": 334,
        "财产信息": 17,
        "位置信息": 183,
        "社会关系信息": 65,
        "其他": 7
      }
    },
    {
      "name": "是否定期清理网络痕迹",
      "map": {
        "否": 174,
        "是": 178
      }
    },
    {
      "name": "如何处理留有个人信息的物件",
      "map": {
        "不处理": 132,
        "先进行信息销毁再处理": 220
      }
    },
    {
      "name": "是否留意手机APP对权限的申请",
      "map": {
        "是": 274,
        "否": 78
      }
    },
    {
      "name": "是否会阅读软件的隐私条款",
      "map": {
        "否": 250,
        "是": 102
      }
    },
    {
      "name": "是否使用公共场所的免费WIFI",
      "map": {
        "是": 252,
        "否": 100
      }
    },
    {
      "name": "是否在使用公共设备后及时删除个人信息",
      "map": {
        "是": 256,
        "否": 96
      }
    },
    {
      "name": "是否参与扫码送礼品",
      "map": {
        "否": 201,
        "是": 151
      }
    },
    {
      "name": "对我国个人信息相关的法律是否有过了解",
      "map": {
        "不了解": 11,
        "大概了解": 146,
        "熟知": 195
      }
    },
    {
      "name": "学校是否开展过个人信息相关的课程",
      "map": {
        "是": 115,
        "否": 237
      }
    },
    {
      "name": "个人是否有过信息泄露的经历",
      "map": {
        "是": 266,
        "否": 86
      }
    },
    {
      "name": "遭受信息泄露的途径",
      "type": "list",
      "isSkippable": true,
      "map": {


        "推销电话": 112,
        "骚扰短信": 62,
        "诈骗电话": 107,
        "垃圾邮件": 33,
        "账号被盗": 1,
        "其他": 9

      }
    },
    {
      "name": "认为会有哪些损失",
      "type": "list",
      "isSkippable": true,
      "map": {
        "财产损失": 7,
        "精神损失": 44,
        "人身损失": 22,
        "其他损失": 152
      }
    },
    {
      "name": "最终如何处理个人信息泄露带来的结果",
      "type": "list",
      "map": {
        "置之不理": 152,
        "在社交媒体上口吐芬芳": 302,
        "直接拉黑": 111,
        "寻求法律救助": 305,
        "其他": 164
      }
    },
    {
      "name": "认为个人信息泄露的原因有哪些",
      "type": "list",
      "map": {
        "个人意识不强": 301,
        "司法缺失": 293,
        "信息维护人员失职": 138,
        "其他": 124
      }
    }
  ],
  "2": [
    {
      "name": "在何处留下信息",
      "type": "list",
      "map": {
        "购物网站": 41,
        "社交网站": 36,
        "培训机构": 26,
        "实体商户": 17,
        "其他": 3
      }
    },
    {
      "name": "留下过什么类型的信息",
      "type": "list",
      "map": {
        "身份信息": 33,
        "联络方式": 41,
        "财产信息": 4,
        "位置信息": 29,
        "社会关系信息": 13,
        "其他": 2
      }
    },
    {
      "name": "是否定期清理网络痕迹",
      "map": {
        "是": 27,
        "否": 17
      }
    },
    {
      "name": "如何处理留有个人信息的物件",
      "map": {
        "不处理": 17,
        "先进行信息销毁再处理": 27
      }
    },
    {
      "name": "是否留意手机APP对权限的申请",
      "map": {
        "是": 34,
        "否": 10
      }
    },
    {
      "name": "是否会阅读软件的隐私条款",
      "map": {
        "是": 14,
        "否": 30
      }
    },
    {
      "name": "是否使用公共场所的免费WIFI",
      "map": {
        "是": 33,
        "否": 11
      }
    },
    {
      "name": "是否在使用公共设备后及时删除个人信息",
      "map": {
        "是": 24,
        "否": 20
      }
    },
    {
      "name": "是否参与扫码送礼品",
      "map": {
        "否": 24,
        "是": 20
      }
    },
    {
      "name": "对我国个人信息相关的法律是否有过了解",
      "map": {
        "大概了解": 21,
        "熟知": 22,
        "不了解": 1
      }
    },
    {
      "name": "学校是否开展过个人信息相关的课程",
      "map": {
        "否": 30,
        "是": 14
      }
    },
    {
      "name": "个人是否有过信息泄露的经历",
      "map": {
        "否": 7,
        "是": 37
      }
    },
    {
      "name": "遭受信息泄露的途径",
      "type": "list",
      "isSkippable": true,
      "map": {

        "推销电话": 21,
        "骚扰短信": 9,
        "诈骗电话": 18,
        "垃圾邮件": 7,
        "账号被盗": 0,
        "其他": 3

      }
    },
    {
      "name": "认为会有哪些损失",
      "type": "list",
      "isSkippable": true,
      "map": {


        "财产损失": 4,
        "精神损失": 4,
        "人身损失": 4,
        "其他损失": 22

      }
    },
    {
      "name": "最终如何处理个人信息泄露带来的结果",
      "type": "list",
      "map": {
        "置之不理": 22,
        "在社交媒体上口吐芬芳": 34,
        "直接拉黑": 11,
        "寻求法律救助": 42,
        "其他": 23
      }
    },
    {
      "name": "认为个人信息泄露的原因有哪些",
      "type": "list",
      "map": {
        "个人意识不强": 37,
        "司法缺失": 37,
        "信息维护人员失职": 14,
        "其他": 13
      }
    }
  ],
  "3": [
    {
      "name": "在何处留下信息",
      "type": "list",
      "map": {
        "购物网站": 68,
        "社交网站": 52,
        "培训机构": 36,
        "实体商户": 13,
        "其他": 3
      }
    },
    {
      "name": "留下过什么类型的信息",
      "type": "list",
      "map": {
        "身份信息": 57,
        "联络方式": 67,
        "财产信息": 5,
        "位置信息": 27,
        "社会关系信息": 8,
        "其他": 1
      }
    },
    {
      "name": "是否定期清理网络痕迹",
      "map": {
        "是": 56,
        "否": 21
      }
    },
    {
      "name": "如何处理留有个人信息的物件",
      "map": {
        "不处理": 25,
        "先进行信息销毁再处理": 52
      }
    },
    {
      "name": "是否留意手机APP对权限的申请",
      "map": {
        "是": 56,
        "否": 21
      }
    },
    {
      "name": "是否会阅读软件的隐私条款",
      "map": {
        "否": 46,
        "是": 31
      }
    },
    {
      "name": "是否使用公共场所的免费WIFI",
      "map": {
        "否": 34,
        "是": 43
      }
    },
    {
      "name": "是否在使用公共设备后及时删除个人信息",
      "map": {
        "否": 22,
        "是": 55
      }
    },
    {
      "name": "是否参与扫码送礼品",
      "map": {
        "否": 49,
        "是": 28
      }
    },
    {
      "name": "对我国个人信息相关的法律是否有过了解",
      "map": {
        "大概了解": 48,
        "熟知": 28,
        "不了解": 1
      }
    },
    {
      "name": "学校是否开展过个人信息相关的课程",
      "map": {
        "是": 47,
        "否": 30
      }
    },
    {
      "name": "个人是否有过信息泄露的经历",
      "map": {
        "是": 42,
        "否": 35
      }
    },
    {
      "name": "遭受信息泄露的途径",
      "type": "list",
      "isSkippable": true,
      "map": {


        "推销电话": 17,
        "骚扰短信": 12,
        "诈骗电话": 17,
        "垃圾邮件": 12,
        "账号被盗": 0,
        "其他": 5

      }
    },
    {
      "name": "认为会有哪些损失",
      "type": "list",
      "isSkippable": true,
      "map": {


        "财产损失": 1,
        "精神损失": 12,
        "人身损失": 11,
        "其他损失": 54

      }
    },
    {
      "name": "最终如何处理个人信息泄露带来的结果",
      "type": "list",
      "map": {
        "置之不理": 29,
        "在社交媒体上口吐芬芳": 56,
        "直接拉黑": 10,
        "寻求法律救助": 65,
        "其他": 50
      }
    },
    {
      "name": "认为个人信息泄露的原因有哪些",
      "type": "list",
      "map": {
        "个人意识不强": 55,
        "司法缺失": 57,
        "信息维护人员失职": 13,
        "其他": 14
      }
    }
  ],
  "4": [
    {
      "name": "在何处留下信息",
      "type": "list",
      "map": {
        "购物网站": 30,
        "社交网站": 24,
        "培训机构": 16,
        "实体商户": 16,
        "其他": 6
      }
    },
    {
      "name": "留下过什么类型的信息",
      "type": "list",
      "map": {
        "身份信息": 25,
        "联络方式": 33,
        "财产信息": 2,
        "位置信息": 18,
        "社会关系信息": 7,
        "其他": 2
      }
    },
    {
      "name": "是否定期清理网络痕迹",
      "map": {
        "否": 14,
        "是": 20
      }
    },
    {
      "name": "如何处理留有个人信息的物件",
      "map": {
        "先进行信息销毁再处理": 23,
        "不处理": 11
      }
    },
    {
      "name": "是否留意手机APP对权限的申请",
      "map": {
        "否": 10,
        "是": 24
      }
    },
    {
      "name": "是否会阅读软件的隐私条款",
      "map": {
        "否": 20,
        "是": 14
      }
    },
    {
      "name": "是否使用公共场所的免费WIFI",
      "map": {
        "否": 9,
        "是": 25
      }
    },
    {
      "name": "是否在使用公共设备后及时删除个人信息",
      "map": {
        "否": 9,
        "是": 25
      }
    },
    {
      "name": "是否参与扫码送礼品",
      "map": {
        "是": 19,
        "否": 15
      }
    },
    {
      "name": "对我国个人信息相关的法律是否有过了解",
      "map": {
        "熟知": 17,
        "大概了解": 17
      }
    },
    {
      "name": "学校是否开展过个人信息相关的课程",
      "map": {
        "否": 18,
        "是": 16
      }
    },
    {
      "name": "个人是否有过信息泄露的经历",
      "map": {
        "否": 9,
        "是": 25
      }
    },
    {
      "name": "遭受信息泄露的途径",
      "type": "list",
      "isSkippable": true,
      "map": {



        "推销电话": 13,
        "骚扰短信": 4,
        "诈骗电话": 9,
        "垃圾邮件": 5,
        "账号被盗": 1,
        "其他": 3
      }
    },
    {
      "name": "认为会有哪些损失",
      "type": "list",
      "isSkippable": true,
      "map": {



        "财产损失": 2,
        "精神损失": 3,
        "人身损失": 3,
        "其他损失": 18
      }
    },
    {
      "name": "最终如何处理个人信息泄露带来的结果",
      "type": "list",
      "map": {
        "置之不理": 13,
        "在社交媒体上口吐芬芳": 25,
        "直接拉黑": 11,
        "寻求法律救助": 31,
        "其他": 19
      }
    },
    {
      "name": "认为个人信息泄露的原因有哪些",
      "type": "list",
      "map": {
        "个人意识不强": 27,
        "司法缺失": 29,
        "信息维护人员失职": 13,
        "其他": 8
      }
    }
  ],
  "5": [
    {
      "name": "在何处留下信息",
      "type": "list",
      "map": {
        "购物网站": 35,
        "社交网站": 18,
        "培训机构": 6,
        "实体商户": 11,
        "其他": 6
      }
    },
    {
      "name": "留下过什么类型的信息",
      "type": "list",
      "map": {
        "身份信息": 21,
        "联络方式": 36,
        "财产信息": 0,
        "位置信息": 13,
        "社会关系信息": 3,
        "其他": 2
      }
    },
    {
      "name": "是否定期清理网络痕迹",
      "map": {
        "是": 30,
        "否": 15
      }
    },
    {
      "name": "如何处理留有个人信息的物件",
      "map": {
        "先进行信息销毁再处理": 22,
        "不处理": 23
      }
    },
    {
      "name": "是否留意手机APP对权限的申请",
      "map": {
        "是": 29,
        "否": 16
      }
    },
    {
      "name": "是否会阅读软件的隐私条款",
      "map": {
        "是": 16,
        "否": 29
      }
    },
    {
      "name": "是否使用公共场所的免费WIFI",
      "map": {
        "否": 23,
        "是": 22
      }
    },
    {
      "name": "是否在使用公共设备后及时删除个人信息",
      "map": {
        "是": 25,
        "否": 20
      }
    },
    {
      "name": "是否参与扫码送礼品",
      "map": {
        "否": 24,
        "是": 21
      }
    },
    {
      "name": "对我国个人信息相关的法律是否有过了解",
      "map": {
        "熟知": 14,
        "大概了解": 31
      }
    },
    {
      "name": "学校是否开展过个人信息相关的课程",
      "map": {
        "否": 24,
        "是": 21
      }
    },
    {
      "name": "个人是否有过信息泄露的经历",
      "map": {
        "否": 22,
        "是": 23
      }
    },
    {
      "name": "遭受信息泄露的途径",
      "type": "list",
      "isSkippable": true,
      "map": {

        "推销电话": 9,
        "骚扰短信": 4,
        "诈骗电话": 6,
        "垃圾邮件": 5,
        "账号被盗": 0,
        "其他": 1

      }
    },
    {
      "name": "认为会有哪些损失",
      "type": "list",
      "isSkippable": true,
      "map": {


        "财产损失": 0,
        "精神损失": 4,
        "人身损失": 1,
        "其他损失": 26

      }
    },
    {
      "name": "最终如何处理个人信息泄露带来的结果",
      "type": "list",
      "map": {
        "置之不理": 21,
        "在社交媒体上口吐芬芳": 31,
        "直接拉黑": 7,
        "寻求法律救助": 32,
        "其他": 29
      }
    },
    {
      "name": "认为个人信息泄露的原因有哪些",
      "type": "list",
      "map": {
        "个人意识不强": 31,
        "司法缺失": 33,
        "信息维护人员失职": 9,
        "其他": 7
      }
    }
  ],
  "6": [
    {
      "name": "在何处留下信息",
      "type": "list",
      "map": {
        "购物网站": 38,
        "社交网站": 30,
        "培训机构": 27,
        "实体商户": 21,
        "其他": 5
      }
    },
    {
      "name": "留下过什么类型的信息",
      "type": "list",
      "map": {
        "身份信息": 28,
        "联络方式": 38,
        "财产信息": 4,
        "位置信息": 21,
        "社会关系信息": 11,
        "其他": 3
      }
    },
    {
      "name": "是否定期清理网络痕迹",
      "map": {
        "否": 19,
        "是": 20
      }
    },
    {
      "name": "如何处理留有个人信息的物件",
      "map": {
        "不处理": 18,
        "先进行信息销毁再处理": 21
      }
    },
    {
      "name": "是否留意手机APP对权限的申请",
      "map": {
        "是": 32,
        "否": 7
      }
    },
    {
      "name": "是否会阅读软件的隐私条款",
      "map": {
        "否": 32,
        "是": 7
      }
    },
    {
      "name": "是否使用公共场所的免费WIFI",
      "map": {
        "是": 26,
        "否": 13
      }
    },
    {
      "name": "是否在使用公共设备后及时删除个人信息",
      "map": {
        "是": 21,
        "否": 18
      }
    },
    {
      "name": "是否参与扫码送礼品",
      "map": {
        "否": 19,
        "是": 20
      }
    },
    {
      "name": "对我国个人信息相关的法律是否有过了解",
      "map": {
        "熟知": 26,
        "大概了解": 12,
        "不了解": 1
      }
    },
    {
      "name": "学校是否开展过个人信息相关的课程",
      "map": {
        "否": 34,
        "是": 5
      }
    },
    {
      "name": "个人是否有过信息泄露的经历",
      "map": {
        "否": 8,
        "是": 31
      }
    },
    {
      "name": "遭受信息泄露的途径",
      "type": "list",
      "isSkippable": true,
      "map": {



        "推销电话": 15,
        "骚扰短信": 7,
        "诈骗电话": 15,
        "垃圾邮件": 7,
        "账号被盗": 0,
        "其他": 1
      }
    },
    {
      "name": "认为会有哪些损失",
      "type": "list",
      "isSkippable": true,
      "map": {



        "财产损失": 0,
        "精神损失": 6,
        "人身损失": 2,
        "其他损失": 18
      }
    },
    {
      "name": "最终如何处理个人信息泄露带来的结果",
      "type": "list",
      "map": {
        "置之不理": 16,
        "在社交媒体上口吐芬芳": 34,
        "直接拉黑": 13,
        "寻求法律救助": 34,
        "其他": 20
      }
    },
    {
      "name": "认为个人信息泄露的原因有哪些",
      "type": "list",
      "map": {
        "个人意识不强": 34,
        "司法缺失": 30,
        "信息维护人员失职": 10,
        "其他": 12
      }
    }
  ],
  "7": [
    {
      "name": "在何处留下信息",
      "type": "list",
      "map": {
        "购物网站": 5,
        "社交网站": 4,
        "培训机构": 3,
        "实体商户": 2,
        "其他": 5
      }
    },
    {
      "name": "留下过什么类型的信息",
      "type": "list",
      "map": {
        "身份信息": 4,
        "联络方式": 5,
        "财产信息": 0,
        "位置信息": 4,
        "社会关系信息": 2,
        "其他": 2
      }
    },
    {
      "name": "是否定期清理网络痕迹",
      "map": {
        "是": 3,
        "否": 3
      }
    },
    {
      "name": "如何处理留有个人信息的物件",
      "map": {
        "先进行信息销毁再处理": 5,
        "不处理": 1
      }
    },
    {
      "name": "是否留意手机APP对权限的申请",
      "map": {
        "是": 4,
        "否": 2
      }
    },
    {
      "name": "是否会阅读软件的隐私条款",
      "map": {
        "否": 4,
        "是": 2
      }
    },
    {
      "name": "是否使用公共场所的免费WIFI",
      "map": {
        "是": 4,
        "否": 2
      }
    },
    {
      "name": "是否在使用公共设备后及时删除个人信息",
      "map": {
        "是": 5,
        "否": 1
      }
    },
    {
      "name": "是否参与扫码送礼品",
      "map": {
        "否": 5,
        "是": 1
      }
    },
    {
      "name": "对我国个人信息相关的法律是否有过了解",
      "map": {
        "大概了解": 4,
        "熟知": 2
      }
    },
    {
      "name": "学校是否开展过个人信息相关的课程",
      "map": {
        "否": 2,
        "是": 4
      }
    },
    {
      "name": "个人是否有过信息泄露的经历",
      "map": {
        "否": 5,
        "是": 1
      }
    },
    {
      "name": "遭受信息泄露的途径",
      "type": "list",
      "isSkippable": true,
      "map": {
        "推销电话": 1,
        "骚扰短信": 0,
        "诈骗电话": 1,
        "垃圾邮件": 1,
        "账号被盗": 0,
        "其他": 0

      }
    },
    {
      "name": "认为会有哪些损失",
      "type": "list",
      "isSkippable": true,
      "map": {
        "财产损失": 0,
        "精神损失": 0,
        "人身损失": 0,
        "其他损失": 3

      }
    },
    {
      "name": "最终如何处理个人信息泄露带来的结果",
      "type": "list",
      "map": {
        "置之不理": 2,
        "在社交媒体上口吐芬芳": 4,
        "直接拉黑": 3,
        "寻求法律救助": 4,
        "其他": 5
      }
    },
    {
      "name": "认为个人信息泄露的原因有哪些",
      "type": "list",
      "map": {
        "个人意识不强": 4,
        "司法缺失": 5,
        "信息维护人员失职": 4,
        "其他": 3
      }
    }
  ]
}