{
  "1": [
    {
      "name": "在何处留下信息",
      "type": "list",
      "map": {
        "购物网站": 217,
        "社交网站": 193,
        "培训机构": 96,
        "实体商户": 70,
        "其他": 16
      }
    },
    {
      "name": "留下过什么类型的信息",
      "type": "list",
      "map": {
        "身份信息": 175,
        "联络方式": 213,
        "财产信息": 11,
        "位置信息": 111,
        "社会关系信息": 38,
        "其他": 11
      }
    },
    {
      "name": "是否定期清理网络痕迹",
      "map": {
        "是": 142,
        "否": 98
      }
    },
    {
      "name": "如何处理留有个人信息的物件",
      "map": {
        "先进行信息销毁再处理": 152,
        "不处理": 88
      }
    },
    {
      "name": "是否留意手机APP对权限的申请",
      "map": {
        "是": 175,
        "否": 65
      }
    },
    {
      "name": "是否会阅读软件的隐私条款",
      "map": {
        "否": 159,
        "是": 81
      }
    },
    {
      "name": "是否使用公共场所的免费WIFI",
      "map": {
        "是": 162,
        "否": 78
      }
    },
    {
      "name": "是否在使用公共设备后及时删除个人信息",
      "map": {
        "是": 167,
        "否": 73
      }
    },
    {
      "name": "是否参与扫码送礼品",
      "map": {
        "是": 97,
        "否": 143
      }
    },
    {
      "name": "对我国个人信息相关的法律是否有过了解",
      "map": {
        "熟知": 117,
        "大概了解": 116,
        "不了解": 7
      }
    },
    {
      "name": "学校是否开展过个人信息相关的课程",
      "map": {
        "是": 105,
        "否": 135
      }
    },
    {
      "name": "个人是否有过信息泄露的经历",
      "map": {
        "是": 162,
        "否": 78
      }
    },
    {
      "name": "遭受信息泄露的途径",
      "type": "list",
      "isSkippable": true,
      "map": {


        "推销电话": 72,
        "骚扰短信": 40,
        "诈骗电话": 65,
        "垃圾邮件": 27,
        "账号被盗": 0,
        "其他": 13

      }
    },
    {
      "name": "认为会有哪些损失",
      "type": "list",
      "isSkippable": true,
      "map": {


        "财产损失": 7,
        "精神损失": 28,
        "人身损失": 21,
        "其他损失": 121

      }
    },
    {
      "name": "最终如何处理个人信息泄露带来的结果",
      "type": "list",
      "map": {
        "置之不理": 108,
        "在社交媒体上口吐芬芳": 185,
        "直接拉黑": 62,
        "寻求法律救助": 195,
        "其他": 131
      }
    },
    {
      "name": "认为个人信息泄露的原因有哪些",
      "type": "list",
      "map": {
        "个人意识不强": 183,
        "司法缺失": 183,
        "信息维护人员失职": 71,
        "其他": 57
      }
    }
  ],
  "2": [
    {
      "name": "在何处留下信息",
      "type": "list",
      "map": {
        "购物网站": 331,
        "社交网站": 249,
        "培训机构": 181,
        "实体商户": 151,
        "其他": 30
      }
    },
    {
      "name": "留下过什么类型的信息",
      "type": "list",
      "map": {
        "身份信息": 237,
        "联络方式": 341,
        "财产信息": 21,
        "位置信息": 184,
        "社会关系信息": 71,
        "其他": 8
      }
    },
    {
      "name": "是否定期清理网络痕迹",
      "map": {
        "否": 165,
        "是": 192
      }
    },
    {
      "name": "如何处理留有个人信息的物件",
      "map": {
        "先进行信息销毁再处理": 218,
        "不处理": 139
      }
    },
    {
      "name": "是否留意手机APP对权限的申请",
      "map": {
        "否": 79,
        "是": 278
      }
    },
    {
      "name": "是否会阅读软件的隐私条款",
      "map": {
        "否": 252,
        "是": 105
      }
    },
    {
      "name": "是否使用公共场所的免费WIFI",
      "map": {
        "否": 114,
        "是": 243
      }
    },
    {
      "name": "是否在使用公共设备后及时删除个人信息",
      "map": {
        "否": 113,
        "是": 244
      }
    },
    {
      "name": "是否参与扫码送礼品",
      "map": {
        "是": 163,
        "否": 194
      }
    },
    {
      "name": "对我国个人信息相关的法律是否有过了解",
      "map": {
        "熟知": 187,
        "不了解": 7,
        "大概了解": 163
      }
    },
    {
      "name": "学校是否开展过个人信息相关的课程",
      "map": {
        "否": 240,
        "是": 117
      }
    },
    {
      "name": "个人是否有过信息泄露的经历",
      "map": {
        "否": 94,
        "是": 263
      }
    },
    {
      "name": "遭受信息泄露的途径",
      "type": "list",
      "isSkippable": true,
      "map": {



        "推销电话": 116,
        "骚扰短信": 58,
        "诈骗电话": 108,
        "垃圾邮件": 43,
        "账号被盗": 2,
        "其他": 9
      }
    },
    {
      "name": "认为会有哪些损失",
      "type": "list",
      "isSkippable": true,
      "map": {



        "财产损失": 7,
        "精神损失": 45,
        "人身损失": 22,
        "其他损失": 172
      }
    },
    {
      "name": "最终如何处理个人信息泄露带来的结果",
      "type": "list",
      "map": {
        "置之不理": 147,
        "在社交媒体上口吐芬芳": 301,
        "直接拉黑": 104,
        "寻求法律救助": 318,
        "其他": 179
      }
    },
    {
      "name": "认为个人信息泄露的原因有哪些",
      "type": "list",
      "map": {
        "个人意识不强": 306,
        "司法缺失": 301,
        "信息维护人员失职": 130,
        "其他": 124
      }
    }
  ]
}