{
  "1": {
    "1": 4,
    "2": 10,
    "3": 16,
    "4": 33,
    "5": 41,
    "6": 40,
    "7": 26,
    "8": 10,
    "9": 2
  },
  "2": {
    "1": 4,
    "2": 9,
    "3": 33,
    "4": 58,
    "5": 72,
    "6": 48,
    "7": 29,
    "8": 9,
    "9": 3
  },
  "3": {
    "2": 7,
    "3": 12,
    "4": 26,
    "5": 26,
    "6": 25,
    "7": 6,
    "8": 5
  },
  "4": {
    "1": 1,
    "2": 1,
    "3": 4,
    "4": 8,
    "5": 4,
    "6": 2,
    "7": 3,
    "8": 1
  },
  "5": {
    "0": 1,
    "1": 1,
    "2": 1,
    "4": 3,
    "5": 6,
    "6": 5,
    "7": 2
  }
}