{
  "1": {
    "1": 3,
    "2": 3,
    "3": 11,
    "4": 22,
    "5": 35,
    "6": 27,
    "7": 18,
    "8": 4,
    "9": 4
  },
  "2": {
    "0": 1,
    "1": 3,
    "2": 7,
    "3": 18,
    "4": 46,
    "5": 39,
    "6": 27,
    "7": 19,
    "8": 7
  },
  "3": {
    "2": 9,
    "3": 13,
    "4": 27,
    "5": 30,
    "6": 16,
    "7": 12,
    "8": 5,
    "9": 1
  },
  "4": {
    "1": 2,
    "2": 7,
    "3": 20,
    "4": 31,
    "5": 41,
    "6": 46,
    "7": 16,
    "8": 8
  },
  "5": {
    "1": 2,
    "2": 2,
    "3": 3,
    "4": 2,
    "5": 4,
    "6": 4,
    "7": 1,
    "8": 1
  }
}