{
  "1": {
    "0": 1,
    "1": 4,
    "2": 17,
    "3": 25,
    "4": 91,
    "5": 92,
    "6": 66,
    "7": 39,
    "8": 16,
    "9": 1
  },
  "2": {
    "2": 1,
    "3": 10,
    "4": 7,
    "5": 9,
    "6": 10,
    "7": 6,
    "8": 1
  },
  "3": {
    "1": 2,
    "2": 3,
    "3": 11,
    "4": 8,
    "5": 17,
    "6": 20,
    "7": 12,
    "8": 2,
    "9": 2
  },
  "4": {
    "1": 1,
    "3": 6,
    "4": 5,
    "5": 6,
    "6": 6,
    "7": 4,
    "8": 4,
    "9": 2
  },
  "5": {
    "1": 1,
    "2": 6,
    "3": 7,
    "4": 6,
    "5": 11,
    "6": 12,
    "7": 1,
    "8": 1
  },
  "6": {
    "1": 1,
    "2": 1,
    "3": 6,
    "4": 11,
    "5": 12,
    "6": 4,
    "7": 3,
    "8": 1
  },
  "7": {
    "1": 1,
    "5": 2,
    "6": 2,
    "7": 1
  }
}